{"clip": 0.0007237799402100806, "umax": 0.001608995516798501, "Q_out": 0.0010596951369470694, "t_res_d": 2.5217946454976303, "inlet": [0.0, 0.0, 0.19999999552965164], "outlet": [14.0, 43.0, 1.2000000178813934], "inlet_r": 0.29999999936453964, "outlet_r": 0.30000014436290795}